controller,scenario,pc1,pc2,action,abs_action
FLC,actuator_saturation_challenge,1.5222629133514576,1.0694724175175487,0.8,0.8
FLC,actuator_saturation_challenge,1.6977102325458082,1.0977408689613732,0.8,0.8
FLC,actuator_saturation_challenge,1.788212051162753,1.1178735466676253,0.8,0.8
FLC,actuator_saturation_challenge,1.805594459448888,1.1339184557628204,0.8,0.8
FLC,actuator_saturation_challenge,1.762769093733268,1.1492788767227649,0.8,0.8
FLC,actuator_saturation_challenge,1.6072500339385722,1.0734448033841955,0.703972038039595,0.703972038039595
FLC,actuator_saturation_challenge,1.3941349319087497,0.9976651713273887,0.603972038039595,0.603972038039595
FLC,actuator_saturation_challenge,1.1281851519355492,0.9279743591965018,0.503972038039595,0.503972038039595
FLC,actuator_saturation_challenge,0.8119564671430097,0.8664086403810248,0.403972038039595,0.403972038039595
FLC,actuator_saturation_challenge,0.44799955571593675,0.8147915970078278,0.303972038039595,0.303972038039595
FLC,actuator_saturation_challenge,0.03874740901126801,0.7747361877185509,0.203972038039595,0.203972038039595
FLC,actuator_saturation_challenge,-0.4025143270886802,0.7646125057866848,0.1215267229266449,0.1215267229266449
FLC,actuator_saturation_challenge,-0.8516178592722204,0.8177749965936197,0.0899224987167356,0.0899224987167356
FLC,actuator_saturation_challenge,-1.3187241369006277,0.9090420750551177,0.0823135619021776,0.0823135619021776
FLC,actuator_saturation_challenge,-1.8086922917149475,1.022910867355608,0.0823135619021776,0.0823135619021776
FLC,actuator_saturation_challenge,-2.3217749031692727,1.1520474703367802,0.0823135619021776,0.0823135619021776
FLC,actuator_saturation_challenge,-2.8554013286713436,1.296159153946603,0.0823135619021776,0.0823135619021776
FLC,baseline_steady_state,1.4554568089868198,0.16362403764832906,0.8,0.8
FLC,baseline_steady_state,1.657609314054268,0.1713151817859848,0.8,0.8
FLC,baseline_steady_state,1.77475977569893,0.17091412048440877,0.8,0.8
FLC,baseline_steady_state,1.818734284167402,0.16646885887011537,0.8,0.8
FLC,baseline_steady_state,1.8024557843578146,0.16137396375924465,0.8,0.8
FLC,baseline_steady_state,1.734834875323515,0.15812412600420714,0.8,0.8
FLC,baseline_steady_state,1.6189399017641017,0.15283537939448452,0.7940372668974592,0.7940372668974592
FLC,baseline_steady_state,1.4638860256609805,0.15369135620871544,0.7890771881903064,0.7890771881903064
FLC,baseline_steady_state,1.215936782958899,0.0723748928967029,0.6927167629238788,0.6927167629238788
FLC,baseline_steady_state,0.9251615462137466,-0.005135205094140672,0.5927167629238789,0.5927167629238789
FLC,baseline_steady_state,0.5940964485312586,-0.07405303265940222,0.4927167629238789,0.4927167629238789
FLC,baseline_steady_state,0.22369394176570742,-0.13313103868611403,0.3927167629238789,0.3927167629238789
FLC,baseline_steady_state,-0.1848630302179565,-0.1811905768247654,0.2927167629238789,0.2927167629238789
FLC,baseline_steady_state,-0.6302295869909307,-0.21715990660459528,0.1927167629238789,0.1927167629238789
FLC,baseline_steady_state,-1.1105263295786876,-0.23942874328171335,0.0934061192629882,0.0934061192629882
FLC,baseline_steady_state,-1.589542609884885,-0.19304718935122075,0.0507123312287242,0.0507123312287242
FLC,baseline_steady_state,-2.077873916665034,-0.10175624838195417,0.0395041875262693,0.0395041875262693
FLC,baseline_steady_state,-2.5828147551435956,0.014970297500354527,0.0393757810986762,0.0393757810986762
FLC,baseline_steady_state,-3.1082913797377736,0.14641174917616886,0.0393757810986762,0.0393757810986762
FLC,baseline_steady_state,-3.650729530556584,0.29222770475608223,0.0393757810986762,0.0393757810986762
FLC,cascading_grid_fault_and_recovery,1.4554568089868198,0.16362403764832906,0.8,0.8
FLC,cascading_grid_fault_and_recovery,1.657609314054268,0.1713151817859848,0.8,0.8
FLC,cascading_grid_fault_and_recovery,1.77475977569893,0.17091412048440877,0.8,0.8
FLC,cascading_grid_fault_and_recovery,1.818734284167402,0.16646885887011537,0.8,0.8
FLC,cascading_grid_fault_and_recovery,1.8024557843578146,0.16137396375924465,0.8,0.8
FLC,cascading_grid_fault_and_recovery,1.734834875323515,0.15812412600420714,0.8,0.8
FLC,cascading_grid_fault_and_recovery,1.6189399017641017,0.15283537939448452,0.7940372668974592,0.7940372668974592
FLC,cascading_grid_fault_and_recovery,1.4638860256609805,0.15369135620871544,0.7890771881903064,0.7890771881903064
FLC,cascading_grid_fault_and_recovery,1.215936782958899,0.0723748928967029,0.6927167629238788,0.6927167629238788
FLC,cascading_grid_fault_and_recovery,0.9251615462137466,-0.005135205094140672,0.5927167629238789,0.5927167629238789
FLC,cascading_grid_fault_and_recovery,0.5940964485312586,-0.07405303265940222,0.4927167629238789,0.4927167629238789
FLC,cascading_grid_fault_and_recovery,0.22369394176570742,-0.13313103868611403,0.3927167629238789,0.3927167629238789
FLC,cascading_grid_fault_and_recovery,-0.1848630302179565,-0.1811905768247654,0.2927167629238789,0.2927167629238789
FLC,cascading_grid_fault_and_recovery,-0.6302295869909307,-0.21715990660459528,0.1927167629238789,0.1927167629238789
FLC,cascading_grid_fault_and_recovery,-1.1105263295786876,-0.23942874328171335,0.0934061192629882,0.0934061192629882
FLC,cascading_grid_fault_and_recovery,-1.589542609884885,-0.19304718935122075,0.0507123312287242,0.0507123312287242
FLC,cascading_grid_fault_and_recovery,-2.077873916665034,-0.10175624838195417,0.0395041875262693,0.0395041875262693
FLC,cascading_grid_fault_and_recovery,-2.5828147551435956,0.014970297500354527,0.0393757810986762,0.0393757810986762
FLC,cascading_grid_fault_and_recovery,-3.1082913797377736,0.14641174917616886,0.0393757810986762,0.0393757810986762
FLC,cascading_grid_fault_and_recovery,-3.650729530556584,0.29222770475608223,0.0393757810986762,0.0393757810986762
FLC,combined_challenge_final_exam,1.4554568089868198,0.16362403764832906,0.8,0.8
FLC,combined_challenge_final_exam,1.657609314054268,0.1713151817859848,0.8,0.8
FLC,combined_challenge_final_exam,1.77475977569893,0.17091412048440877,0.8,0.8
FLC,combined_challenge_final_exam,1.818734284167402,0.16646885887011537,0.8,0.8
FLC,combined_challenge_final_exam,1.8024557843578146,0.16137396375924465,0.8,0.8
FLC,combined_challenge_final_exam,1.734834875323515,0.15812412600420714,0.8,0.8
FLC,combined_challenge_final_exam,1.6189399017641017,0.15283537939448452,0.7940372668974592,0.7940372668974592
FLC,combined_challenge_final_exam,1.4638860256609805,0.15369135620871544,0.7890771881903064,0.7890771881903064
FLC,combined_challenge_final_exam,1.215936782958899,0.0723748928967029,0.6927167629238788,0.6927167629238788
FLC,combined_challenge_final_exam,0.9251615462137466,-0.005135205094140672,0.5927167629238789,0.5927167629238789
FLC,combined_challenge_final_exam,0.5940964485312586,-0.07405303265940222,0.4927167629238789,0.4927167629238789
FLC,combined_challenge_final_exam,0.22369394176570742,-0.13313103868611403,0.3927167629238789,0.3927167629238789
FLC,combined_challenge_final_exam,-0.1848630302179565,-0.1811905768247654,0.2927167629238789,0.2927167629238789
FLC,combined_challenge_final_exam,-0.6302295869909307,-0.21715990660459528,0.1927167629238789,0.1927167629238789
FLC,combined_challenge_final_exam,-1.1105263295786876,-0.23942874328171335,0.0934061192629882,0.0934061192629882
FLC,combined_challenge_final_exam,-1.589542609884885,-0.19304718935122075,0.0507123312287242,0.0507123312287242
FLC,combined_challenge_final_exam,-2.077873916665034,-0.10175624838195417,0.0395041875262693,0.0395041875262693
FLC,combined_challenge_final_exam,-2.5828147551435956,0.014970297500354527,0.0393757810986762,0.0393757810986762
FLC,combined_challenge_final_exam,-3.1082913797377736,0.14641174917616886,0.0393757810986762,0.0393757810986762
FLC,combined_challenge_final_exam,-3.650729530556584,0.29222770475608223,0.0393757810986762,0.0393757810986762
FLC,deceptive_sensor_noise,1.3218389459730064,-1.6480683652602734,0.8,0.8
FLC,deceptive_sensor_noise,1.644257812455887,-1.5845991947030296,0.9,0.9
FLC,deceptive_sensor_noise,1.8966690825961625,-1.5294729675336594,1.0,1.0
FLC,deceptive_sensor_noise,2.028647870186476,-1.5766034858535254,1.0,1.0
FLC,deceptive_sensor_noise,2.1070940638383813,-1.6267079226546357,1.0,1.0
FLC,deceptive_sensor_noise,2.1386890572780457,-1.6776515634190239,1.0,1.0
FLC,deceptive_sensor_noise,2.1287406975520877,-1.7276730015632111,1.0,1.0
FLC,deceptive_sensor_noise,2.0814602440062924,-1.775312507350763,1.0,1.0
FLC,deceptive_sensor_noise,2.0003589266531008,-1.819356220516901,1.0,1.0
FLC,deceptive_sensor_noise,1.8884203067249852,-1.8588075907466728,1.0,1.0
FLC,deceptive_sensor_noise,1.7481567938761449,-1.8928388269917618,1.0,1.0
FLC,deceptive_sensor_noise,1.5366113989733294,-1.991471893267087,0.9269577555828754,0.9269577555828754
FLC,deceptive_sensor_noise,1.2785154128632081,-2.1094410566929547,0.8269810699694725,0.8269810699694725
FLC,deceptive_sensor_noise,0.9884870890890901,-2.2198405126439713,0.7269810699694725,0.7269810699694725
FLC,deceptive_sensor_noise,0.6866982668732726,-2.289627425425141,0.6601024512120192,0.6601024512120192
FLC,deceptive_sensor_noise,0.35693432020284566,-2.3485613179739686,0.5945730936900996,0.5945730936900996
FLC,deceptive_sensor_noise,-0.007586514525108008,-2.4078171980369487,0.5181056517446362,0.5181056517446362
FLC,deceptive_sensor_noise,-0.41328960006125615,-2.4788698814594508,0.4181056517446362,0.4181056517446362
FLC,deceptive_sensor_noise,-0.8473907069415545,-2.5384384627418637,0.3181056517446362,0.3181056517446362
FLC,deceptive_sensor_noise,-1.3079423524466172,-2.5858327990135277,0.2181056517446362,0.2181056517446362
FLC,deceptive_sensor_noise,-1.7963812574129168,-2.62067935588538,0.1181056517446362,0.1181056517446362
FLC,deceptive_sensor_noise,-2.308736958277956,-2.6422855125708176,0.0181056517446362,0.0181056517446362
FLC,deceptive_sensor_noise,-2.8000516738617334,-2.57143585021777,0.0,0.0
FLC,deceptive_sensor_noise,-3.2946945540302544,-2.4689465303674867,0.0,0.0
FLC,deceptive_sensor_noise,-3.8164704158380474,-2.3535580437244135,0.0,0.0
FLC,deceptive_sensor_noise,-4.332864430864873,-2.22338328708301,0.0,0.0
FLC,deceptive_sensor_noise,-4.90191685742897,-2.083127512579827,0.0,0.0
FLC,deceptive_sensor_noise,-5.398707998844174,-1.924435349557004,2.7631386539269872e-18,2.7631386539269872e-18
FLC,deceptive_sensor_noise,-6.087065627874632,-1.7669343244878974,5.5262773078539744e-18,5.5262773078539744e-18
FLC,gradual_load_increase_10pct,1.3218389459730064,-1.6480683652602734,0.8,0.8
FLC,gradual_load_increase_10pct,1.644257812455887,-1.5845991947030296,0.9,0.9
FLC,gradual_load_increase_10pct,1.8966690825961625,-1.5294729675336594,1.0,1.0
FLC,gradual_load_increase_10pct,2.028647870186476,-1.5766034858535254,1.0,1.0
FLC,gradual_load_increase_10pct,2.1070940638383813,-1.6267079226546357,1.0,1.0
FLC,gradual_load_increase_10pct,2.1386890572780457,-1.6776515634190239,1.0,1.0
FLC,gradual_load_increase_10pct,2.1287406975520877,-1.7276730015632111,1.0,1.0
FLC,gradual_load_increase_10pct,2.0814602440062924,-1.775312507350763,1.0,1.0
FLC,gradual_load_increase_10pct,2.0003589266531008,-1.819356220516901,1.0,1.0
FLC,gradual_load_increase_10pct,1.8884203067249852,-1.8588075907466728,1.0,1.0
FLC,gradual_load_increase_10pct,1.7481567938761449,-1.8928388269917618,1.0,1.0
FLC,gradual_load_increase_10pct,1.5366113989733294,-1.991471893267087,0.9269577555828754,0.9269577555828754
FLC,gradual_load_increase_10pct,1.2785154128632081,-2.1094410566929547,0.8269810699694725,0.8269810699694725
FLC,gradual_load_increase_10pct,0.9884870890890901,-2.2198405126439713,0.7269810699694725,0.7269810699694725
FLC,gradual_load_increase_10pct,0.6866982668732726,-2.289627425425141,0.6601024512120192,0.6601024512120192
FLC,gradual_load_increase_10pct,0.35693432020284566,-2.3485613179739686,0.5945730936900996,0.5945730936900996
FLC,gradual_load_increase_10pct,-0.007586514525108008,-2.4078171980369487,0.5181056517446362,0.5181056517446362
FLC,gradual_load_increase_10pct,-0.41328960006125615,-2.4788698814594508,0.4181056517446362,0.4181056517446362
FLC,gradual_load_increase_10pct,-0.8473907069415545,-2.5384384627418637,0.3181056517446362,0.3181056517446362
FLC,gradual_load_increase_10pct,-1.3079423524466172,-2.5858327990135277,0.2181056517446362,0.2181056517446362
FLC,gradual_load_increase_10pct,-1.7963812574129168,-2.62067935588538,0.1181056517446362,0.1181056517446362
FLC,gradual_load_increase_10pct,-2.308736958277956,-2.6422855125708176,0.0181056517446362,0.0181056517446362
FLC,gradual_load_increase_10pct,-2.8000516738617334,-2.57143585021777,0.0,0.0
FLC,gradual_load_increase_10pct,-3.2946945540302544,-2.4689465303674867,0.0,0.0
FLC,gradual_load_increase_10pct,-3.8164704158380474,-2.3535580437244135,0.0,0.0
FLC,gradual_load_increase_10pct,-4.332864430864873,-2.22338328708301,0.0,0.0
FLC,gradual_load_increase_10pct,-4.90191685742897,-2.083127512579827,0.0,0.0
FLC,gradual_load_increase_10pct,-5.398707998844174,-1.924435349557004,2.7631386539269872e-18,2.7631386539269872e-18
FLC,gradual_load_increase_10pct,-6.087065627874632,-1.7669343244878974,5.5262773078539744e-18,5.5262773078539744e-18
FLC,multisine_frequency_probe,1.4558153526380069,0.1685205881534633,0.8,0.8
FLC,multisine_frequency_probe,1.6581849730443998,0.1812165298998317,0.8,0.8
FLC,multisine_frequency_probe,1.7754110505318395,0.18592783980893426,0.8,0.8
FLC,multisine_frequency_probe,1.8193139499081834,0.18670620661674134,0.8,0.8
FLC,multisine_frequency_probe,1.8028165449619455,0.18694552434083728,0.8,0.8
FLC,multisine_frequency_probe,1.7348406722653567,0.18913109793766109,0.8,0.8
FLC,multisine_frequency_probe,1.6187147995147326,0.1897944478427377,0.7944603612738075,0.7944603612738075
FLC,multisine_frequency_probe,1.4636031859044674,0.19711804918308076,0.7903503718478364,0.7903503718478364
FLC,multisine_frequency_probe,1.2143472713963945,0.1205281132947688,0.6929330823484134,0.6929330823484134
FLC,multisine_frequency_probe,0.9227211370575902,0.04886271150337305,0.5929330823484135,0.5929330823484135
FLC,multisine_frequency_probe,0.5906698719298822,-0.014122554953340452,0.4929330823484135,0.4929330823484135
FLC,multisine_frequency_probe,0.21913079793824436,-0.06716749222939072,0.3929330823484135,0.3929330823484135
FLC,multisine_frequency_probe,-0.19070606579694402,-0.10909828859067637,0.2929330823484135,0.2929330823484135
FLC,multisine_frequency_probe,-0.6374947295107927,-0.13884371869113465,0.1929330823484135,0.1929330823484135
FLC,multisine_frequency_probe,-1.1157875546336424,-0.1491435310588208,0.099456139270225,0.099456139270225
FLC,multisine_frequency_probe,-1.5929580756422381,-0.09139473519599683,0.061888682782538,0.061888682782538
FLC,multisine_frequency_probe,-2.080897837303997,0.008466728438683433,0.0528564841826023,0.0528564841826023
FLC,multisine_frequency_probe,-2.5864681251631825,0.1318132105143621,0.0528564841826023,0.0528564841826023
FLC,multisine_frequency_probe,-3.1125684394719997,0.269758733689082,0.0528564841826023,0.0528564841826023
FLC,multisine_frequency_probe,-3.65559549286141,0.4220757057980905,0.0528564841826023,0.0528564841826023
FLC,parameter_randomization_drills,1.4564180373582842,0.16288337657654237,0.8,0.8
FLC,parameter_randomization_drills,1.66018201351907,0.16933282421149679,0.8,0.8
FLC,parameter_randomization_drills,1.7789439462570695,0.16769006640721948,0.8,0.8
FLC,parameter_randomization_drills,1.8240210402104562,0.16239522297528838,0.8,0.8
FLC,parameter_randomization_drills,1.807963057497852,0.1571304115008901,0.8,0.8
FLC,parameter_randomization_drills,1.739397882945702,0.1546081643281372,0.8,0.8
FLC,parameter_randomization_drills,1.620544130985422,0.15013978184273144,0.7930358894833144,0.7930358894833144
FLC,parameter_randomization_drills,1.4600739146827282,0.151773366968047,0.7857967416365227,0.7857967416365227
FLC,parameter_randomization_drills,1.2042036389063573,0.07183969447696502,0.6863726161290026,0.6863726161290026
FLC,parameter_randomization_drills,0.9050644892072736,0.00023130724976009313,0.5863726161290026,0.5863726161290026
FLC,parameter_randomization_drills,0.563292762461893,-0.061052213654018875,0.4863726161290026,0.4863726161290026
FLC,parameter_randomization_drills,0.17968470942866818,-0.11060054582014436,0.3863726161290026,0.3863726161290026
FLC,parameter_randomization_drills,-0.2447364432099928,-0.14708284030672852,0.2863726161290026,0.2863726161290026
FLC,parameter_randomization_drills,-0.7087339517008753,-0.16932440766550166,0.1863726161290026,0.1863726161290026
FLC,parameter_randomization_drills,-1.1916570221545664,-0.14581874555857954,0.1178633326013645,0.1178633326013645
FLC,parameter_randomization_drills,-1.6792927945517042,-0.05976691767506811,0.0973598592917385,0.0973598592917385
FLC,parameter_randomization_drills,-2.184671476769263,0.06086991817877387,0.095541377834302,0.095541377834302
FLC,parameter_randomization_drills,-2.7133950207991524,0.19985967122058781,0.095541377834302,0.095541377834302
FLC,parameter_randomization_drills,-3.2643896383384035,0.3551415717826777,0.095541377834302,0.095541377834302
FLC,prbs_excitation_probe,1.5222629133514576,1.0694724175175487,0.8,0.8
FLC,prbs_excitation_probe,1.6977102325458082,1.0977408689613732,0.8,0.8
FLC,prbs_excitation_probe,1.6545998424334778,-0.6938232130708138,0.8,0.8
FLC,prbs_excitation_probe,1.924136682273613,1.1896427957676508,0.9,0.9
FLC,prbs_excitation_probe,1.7609797388698953,-0.6068548734450981,0.9,0.9
FLC,prbs_excitation_probe,1.8013118724551491,-0.5350934553975222,1.0,1.0
FLC,prbs_excitation_probe,1.7473460828905836,-0.5577754372975199,1.0,1.0
FLC,prbs_excitation_probe,1.6594319775170647,-0.5773431392507299,1.0,1.0
FLC,prbs_excitation_probe,1.5402934668265238,-0.5929546961595199,1.0,1.0
FLC,prbs_excitation_probe,1.3923340405351297,-0.6038735251562439,1.0,1.0
FLC,prbs_excitation_probe,1.3438052295214273,1.1906175672941344,0.988000117335953,0.988000117335953
FLC,prbs_excitation_probe,0.8943736068083661,-0.6764062030266843,0.8880001173359531,0.8880001173359531
FLC,prbs_excitation_probe,0.7814856372068726,1.1192590235673199,0.8644794658815776,0.8644794658815776
FLC,prbs_excitation_probe,0.2747544180804466,-0.7339468442925796,0.7644794658815777,0.7644794658815777
FLC,prbs_excitation_probe,-0.07496694993494527,-0.8086291631235526,0.6644794658815777,0.6644794658815777
FLC,prbs_excitation_probe,-0.3206558344018897,0.9373542995025078,0.5644794658815777,0.5644794658815777
FLC,prbs_excitation_probe,-0.7833280935044503,0.9225712190898697,0.4644794658815777,0.4644794658815777
FLC,prbs_excitation_probe,-1.2686593820627778,0.9279270935755062,0.3743795928853535,0.3743795928853535
FLC,prbs_excitation_probe,-1.7460370067859858,1.0025279621758318,0.3442538280887169,0.3442538280887169
FLC,prbs_excitation_probe,-2.3642700929242926,-0.6983572670646888,0.3392585161616012,0.3392585161616012
FLC,prbs_excitation_probe,-2.6798867177502457,1.199835373024161,0.3392585161616012,0.3392585161616012
FLC,prbs_excitation_probe,-3.331358918036818,-0.47188782522241546,0.3392585161616012,0.3392585161616012
FLC,prbs_excitation_probe,-3.814594884966468,-0.36138317261505043,0.3392585161616012,0.3392585161616012
FLC,steady_state_efficiency_probe,1.4554568089868198,0.16362403764832906,0.8,0.8
FLC,steady_state_efficiency_probe,1.657609314054268,0.1713151817859848,0.8,0.8
FLC,steady_state_efficiency_probe,1.77475977569893,0.17091412048440877,0.8,0.8
FLC,steady_state_efficiency_probe,1.818734284167402,0.16646885887011537,0.8,0.8
FLC,steady_state_efficiency_probe,1.8024557843578146,0.16137396375924465,0.8,0.8
FLC,steady_state_efficiency_probe,1.734834875323515,0.15812412600420714,0.8,0.8
FLC,steady_state_efficiency_probe,1.6189399017641017,0.15283537939448452,0.7940372668974592,0.7940372668974592
FLC,steady_state_efficiency_probe,1.4638860256609805,0.15369135620871544,0.7890771881903064,0.7890771881903064
FLC,steady_state_efficiency_probe,1.215936782958899,0.0723748928967029,0.6927167629238788,0.6927167629238788
FLC,steady_state_efficiency_probe,0.9251615462137466,-0.005135205094140672,0.5927167629238789,0.5927167629238789
FLC,steady_state_efficiency_probe,0.5940964485312586,-0.07405303265940222,0.4927167629238789,0.4927167629238789
FLC,steady_state_efficiency_probe,0.22369394176570742,-0.13313103868611403,0.3927167629238789,0.3927167629238789
FLC,steady_state_efficiency_probe,-0.1848630302179565,-0.1811905768247654,0.2927167629238789,0.2927167629238789
FLC,steady_state_efficiency_probe,-0.6302295869909307,-0.21715990660459528,0.1927167629238789,0.1927167629238789
FLC,steady_state_efficiency_probe,-1.1105263295786876,-0.23942874328171335,0.0934061192629882,0.0934061192629882
FLC,steady_state_efficiency_probe,-1.589542609884885,-0.19304718935122075,0.0507123312287242,0.0507123312287242
FLC,steady_state_efficiency_probe,-2.077873916665034,-0.10175624838195417,0.0395041875262693,0.0395041875262693
FLC,steady_state_efficiency_probe,-2.5828147551435956,0.014970297500354527,0.0393757810986762,0.0393757810986762
FLC,steady_state_efficiency_probe,-3.1082913797377736,0.14641174917616886,0.0393757810986762,0.0393757810986762
FLC,steady_state_efficiency_probe,-3.650729530556584,0.29222770475608223,0.0393757810986762,0.0393757810986762
FLC,sudden_load_increase_5pct,1.4554568089868198,0.16362403764832906,0.8,0.8
FLC,sudden_load_increase_5pct,1.657609314054268,0.1713151817859848,0.8,0.8
FLC,sudden_load_increase_5pct,1.77475977569893,0.17091412048440877,0.8,0.8
FLC,sudden_load_increase_5pct,1.818734284167402,0.16646885887011537,0.8,0.8
FLC,sudden_load_increase_5pct,1.8024557843578146,0.16137396375924465,0.8,0.8
FLC,sudden_load_increase_5pct,1.734834875323515,0.15812412600420714,0.8,0.8
FLC,sudden_load_increase_5pct,1.6189399017641017,0.15283537939448452,0.7940372668974592,0.7940372668974592
FLC,sudden_load_increase_5pct,1.4638860256609805,0.15369135620871544,0.7890771881903064,0.7890771881903064
FLC,sudden_load_increase_5pct,1.215936782958899,0.0723748928967029,0.6927167629238788,0.6927167629238788
FLC,sudden_load_increase_5pct,0.9251615462137466,-0.005135205094140672,0.5927167629238789,0.5927167629238789
FLC,sudden_load_increase_5pct,0.5940964485312586,-0.07405303265940222,0.4927167629238789,0.4927167629238789
FLC,sudden_load_increase_5pct,0.22369394176570742,-0.13313103868611403,0.3927167629238789,0.3927167629238789
FLC,sudden_load_increase_5pct,-0.1848630302179565,-0.1811905768247654,0.2927167629238789,0.2927167629238789
FLC,sudden_load_increase_5pct,-0.6302295869909307,-0.21715990660459528,0.1927167629238789,0.1927167629238789
FLC,sudden_load_increase_5pct,-1.1105263295786876,-0.23942874328171335,0.0934061192629882,0.0934061192629882
FLC,sudden_load_increase_5pct,-1.589542609884885,-0.19304718935122075,0.0507123312287242,0.0507123312287242
FLC,sudden_load_increase_5pct,-2.077873916665034,-0.10175624838195417,0.0395041875262693,0.0395041875262693
FLC,sudden_load_increase_5pct,-2.5828147551435956,0.014970297500354527,0.0393757810986762,0.0393757810986762
FLC,sudden_load_increase_5pct,-3.1082913797377736,0.14641174917616886,0.0393757810986762,0.0393757810986762
FLC,sudden_load_increase_5pct,-3.650729530556584,0.29222770475608223,0.0393757810986762,0.0393757810986762
PID,actuator_saturation_challenge,0.984249104862372,0.29392912342965494,0.0,0.0
PID,actuator_saturation_challenge,1.6864712346669757,1.2937710859954306,1.0,1.0
PID,actuator_saturation_challenge,1.7593261534117015,1.3231612834721767,1.0,1.0
PID,actuator_saturation_challenge,1.7783138792862268,1.3495054155547008,1.0,1.0
PID,actuator_saturation_challenge,1.7505641274111088,1.3743589661116347,1.0,1.0
PID,actuator_saturation_challenge,1.6810521487755028,1.399091139548265,1.0,1.0
PID,actuator_saturation_challenge,1.5738869248486933,1.4249385620968245,1.0,1.0
PID,actuator_saturation_challenge,1.4324106978014088,1.4530091314728042,1.0,1.0
PID,actuator_saturation_challenge,1.2595214578086065,1.4842627187835122,1.0,1.0
PID,actuator_saturation_challenge,1.0577249187920377,1.5195449214363241,1.0,1.0
PID,actuator_saturation_challenge,0.8292090600475496,1.5595619037810047,1.0,1.0
PID,actuator_saturation_challenge,0.5759627804291649,1.6049211267519372,1.0,1.0
PID,actuator_saturation_challenge,0.2997381568604637,1.656127992093206,1.0,1.0
PID,actuator_saturation_challenge,0.0021283849388618703,1.7135864301527302,1.0,1.0
PID,actuator_saturation_challenge,-0.31540286727815675,1.7776200966247497,1.0,1.0
PID,actuator_saturation_challenge,-0.6507893449575847,1.8485296540214105,1.0,1.0
PID,actuator_saturation_challenge,-1.0034776003396921,1.9264232584325593,1.0,1.0
PID,actuator_saturation_challenge,-1.3715556802627087,2.0114739852906243,1.0,1.0
PID,actuator_saturation_challenge,-1.7552519843756387,2.103657355089148,1.0,1.0
PID,actuator_saturation_challenge,-2.151894152612995,2.2031211708426826,1.0,1.0
PID,baseline_steady_state,0.9174430004977343,-0.6119192564395647,0.0,0.0
PID,baseline_steady_state,1.1106289115319388,-0.4093649799440566,0.1986946961430811,0.1986946961430811
PID,baseline_steady_state,1.609916341919818,0.3784083915770346,1.0,1.0
PID,baseline_steady_state,1.6100995881764704,0.3935317639513176,1.0,1.0
PID,baseline_steady_state,1.5730659528672148,0.41016893564256435,1.0,1.0
PID,baseline_steady_state,1.5012611395318773,0.4285268328757996,1.0,1.0
PID,baseline_steady_state,1.3970244596519286,0.44903317187401404,1.0,1.0
PID,baseline_steady_state,1.2624568721911826,0.4722151185116657,1.0,1.0
PID,baseline_steady_state,1.0995356763432151,0.49864385959775714,1.0,1.0
PID,baseline_steady_state,0.9101117719600158,0.5288804792576283,1.0,1.0
PID,baseline_steady_state,0.6958567209567706,0.5634601694592596,1.0,1.0
PID,baseline_steady_state,0.4583916414494095,0.6028633398883938,1.0,1.0
PID,baseline_steady_state,0.19918947583605548,0.6475148841405592,1.0,1.0
PID,baseline_steady_state,-0.08037615922495205,0.6977760629608473,1.0,1.0
PID,baseline_steady_state,-0.3790266850323501,0.7539625644096954,1.0,1.0
PID,baseline_steady_state,-0.6948105955292652,0.816355627809244,1.0,1.0
PID,baseline_steady_state,-1.0272920884167878,0.8850841385152396,1.0,1.0
PID,baseline_steady_state,-1.3746487327888812,0.9603403559928461,1.0,1.0
PID,baseline_steady_state,-1.7371685470335507,1.0421176623104307,1.0,1.0
PID,baseline_steady_state,-2.112235190293138,1.1305872368421523,1.0,1.0
PID,baseline_steady_state,-2.5017954171764036,1.2255827416952907,1.0,1.0
PID,baseline_steady_state,-2.9006576607669197,1.3273823886552778,1.0,1.0
PID,cascading_grid_fault_and_recovery,0.9174430004977343,-0.6119192564395647,0.0,0.0
PID,cascading_grid_fault_and_recovery,1.1106289115319388,-0.4093649799440566,0.1986946961430811,0.1986946961430811
PID,cascading_grid_fault_and_recovery,1.609916341919818,0.3784083915770346,1.0,1.0
PID,cascading_grid_fault_and_recovery,1.6100995881764704,0.3935317639513176,1.0,1.0
PID,cascading_grid_fault_and_recovery,1.5730659528672148,0.41016893564256435,1.0,1.0
PID,cascading_grid_fault_and_recovery,1.5012611395318773,0.4285268328757996,1.0,1.0
PID,cascading_grid_fault_and_recovery,1.3970244596519286,0.44903317187401404,1.0,1.0
PID,cascading_grid_fault_and_recovery,1.2624568721911826,0.4722151185116657,1.0,1.0
PID,cascading_grid_fault_and_recovery,1.0995356763432151,0.49864385959775714,1.0,1.0
PID,cascading_grid_fault_and_recovery,0.9101117719600158,0.5288804792576283,1.0,1.0
PID,cascading_grid_fault_and_recovery,0.6958567209567706,0.5634601694592596,1.0,1.0
PID,cascading_grid_fault_and_recovery,0.4583916414494095,0.6028633398883938,1.0,1.0
PID,cascading_grid_fault_and_recovery,0.19918947583605548,0.6475148841405592,1.0,1.0
PID,cascading_grid_fault_and_recovery,-0.08037615922495205,0.6977760629608473,1.0,1.0
PID,cascading_grid_fault_and_recovery,-0.3790266850323501,0.7539625644096954,1.0,1.0
PID,cascading_grid_fault_and_recovery,-0.6948105955292652,0.816355627809244,1.0,1.0
PID,cascading_grid_fault_and_recovery,-1.0272920884167878,0.8850841385152396,1.0,1.0
PID,cascading_grid_fault_and_recovery,-1.3746487327888812,0.9603403559928461,1.0,1.0
PID,cascading_grid_fault_and_recovery,-1.7371685470335507,1.0421176623104307,1.0,1.0
PID,cascading_grid_fault_and_recovery,-2.112235190293138,1.1305872368421523,1.0,1.0
PID,cascading_grid_fault_and_recovery,-2.5017954171764036,1.2255827416952907,1.0,1.0
PID,cascading_grid_fault_and_recovery,-2.9006576607669197,1.3273823886552778,1.0,1.0
PID,combined_challenge_final_exam,0.9174430004977343,-0.6119192564395647,0.0,0.0
PID,combined_challenge_final_exam,1.1106289115319388,-0.4093649799440566,0.1986946961430811,0.1986946961430811
PID,combined_challenge_final_exam,1.609916341919818,0.3784083915770346,1.0,1.0
PID,combined_challenge_final_exam,1.6100995881764704,0.3935317639513176,1.0,1.0
PID,combined_challenge_final_exam,1.5730659528672148,0.41016893564256435,1.0,1.0
PID,combined_challenge_final_exam,1.5012611395318773,0.4285268328757996,1.0,1.0
PID,combined_challenge_final_exam,1.3970244596519286,0.44903317187401404,1.0,1.0
PID,combined_challenge_final_exam,1.2624568721911826,0.4722151185116657,1.0,1.0
PID,combined_challenge_final_exam,1.0995356763432151,0.49864385959775714,1.0,1.0
PID,combined_challenge_final_exam,0.9101117719600158,0.5288804792576283,1.0,1.0
PID,combined_challenge_final_exam,0.6958567209567706,0.5634601694592596,1.0,1.0
PID,combined_challenge_final_exam,0.4583916414494095,0.6028633398883938,1.0,1.0
PID,combined_challenge_final_exam,0.19918947583605548,0.6475148841405592,1.0,1.0
PID,combined_challenge_final_exam,-0.08037615922495205,0.6977760629608473,1.0,1.0
PID,combined_challenge_final_exam,-0.3790266850323501,0.7539625644096954,1.0,1.0
PID,combined_challenge_final_exam,-0.6948105955292652,0.816355627809244,1.0,1.0
PID,combined_challenge_final_exam,-1.0272920884167878,0.8850841385152396,1.0,1.0
PID,combined_challenge_final_exam,-1.3746487327888812,0.9603403559928461,1.0,1.0
PID,combined_challenge_final_exam,-1.7371685470335507,1.0421176623104307,1.0,1.0
PID,combined_challenge_final_exam,-2.112235190293138,1.1305872368421523,1.0,1.0
PID,combined_challenge_final_exam,-2.5017954171764036,1.2255827416952907,1.0,1.0
PID,combined_challenge_final_exam,-2.9006576607669197,1.3273823886552778,1.0,1.0
PID,deceptive_sensor_noise,0.7838307917684593,-2.423616016178001,0.0,0.0
PID,deceptive_sensor_noise,0.8975746259331703,-2.454806248732622,0.0,0.0
PID,deceptive_sensor_noise,0.8900367598867727,-2.483977248105516,0.0,0.0
PID,deceptive_sensor_noise,0.7864132843171221,-2.5048255828491226,0.0,0.0
PID,deceptive_sensor_noise,0.6077372228953266,-2.513164682180378,0.0,0.0
PID,deceptive_sensor_noise,0.368544648223324,-2.5065454506773133,0.0,0.0
PID,deceptive_sensor_noise,0.714498816200787,-1.5153583070496754,1.0,1.0
PID,deceptive_sensor_noise,0.49190382897346835,-1.4773682658235725,1.0,1.0
PID,deceptive_sensor_noise,0.2667402866604413,-1.4298206780656408,1.0,1.0
PID,deceptive_sensor_noise,0.034859609829970044,-1.3750778035929982,1.0,1.0
PID,deceptive_sensor_noise,-0.20645945619776257,-1.3147139600857531,1.0,1.0
PID,deceptive_sensor_noise,-0.45890708371296535,-1.2497114122749196,1.0,1.0
PID,deceptive_sensor_noise,-0.7234819816044104,-1.1806787552645934,1.0,1.0
PID,deceptive_sensor_noise,-1.0006912506337882,-1.1079559892065256,1.0,1.0
PID,deceptive_sensor_noise,-1.2906939660706969,-1.0316909280449795,1.0,1.0
PID,deceptive_sensor_noise,-1.5926745140393297,-0.9518913363201192,1.0,1.0
PID,deceptive_sensor_noise,-1.907036655716054,-0.868584029178498,1.0,1.0
PID,deceptive_sensor_noise,-2.2326573828648812,-0.7816440103395973,1.0,1.0
PID,deceptive_sensor_noise,-2.5703343923375295,-0.6910809027889148,1.0,1.0
PID,deceptive_sensor_noise,-2.917927553538298,-0.5966666362166757,1.0,1.0
PID,deceptive_sensor_noise,-3.277673984243205,-0.49850765949403786,1.0,1.0
PID,gradual_load_increase_10pct,0.7838307917684593,-2.423616016178001,0.0,0.0
PID,gradual_load_increase_10pct,0.8975746259331703,-2.454806248732622,0.0,0.0
PID,gradual_load_increase_10pct,0.8900367598867727,-2.483977248105516,0.0,0.0
PID,gradual_load_increase_10pct,0.7864132843171221,-2.5048255828491226,0.0,0.0
PID,gradual_load_increase_10pct,0.6077372228953266,-2.513164682180378,0.0,0.0
PID,gradual_load_increase_10pct,0.368544648223324,-2.5065454506773133,0.0,0.0
PID,gradual_load_increase_10pct,0.714498816200787,-1.5153583070496754,1.0,1.0
PID,gradual_load_increase_10pct,0.49190382897346835,-1.4773682658235725,1.0,1.0
PID,gradual_load_increase_10pct,0.2667402866604413,-1.4298206780656408,1.0,1.0
PID,gradual_load_increase_10pct,0.034859609829970044,-1.3750778035929982,1.0,1.0
PID,gradual_load_increase_10pct,-0.20645945619776257,-1.3147139600857531,1.0,1.0
PID,gradual_load_increase_10pct,-0.45890708371296535,-1.2497114122749196,1.0,1.0
PID,gradual_load_increase_10pct,-0.7234819816044104,-1.1806787552645934,1.0,1.0
PID,gradual_load_increase_10pct,-1.0006912506337882,-1.1079559892065256,1.0,1.0
PID,gradual_load_increase_10pct,-1.2906939660706969,-1.0316909280449795,1.0,1.0
PID,gradual_load_increase_10pct,-1.5926745140393297,-0.9518913363201192,1.0,1.0
PID,gradual_load_increase_10pct,-1.907036655716054,-0.868584029178498,1.0,1.0
PID,gradual_load_increase_10pct,-2.2326573828648812,-0.7816440103395973,1.0,1.0
PID,gradual_load_increase_10pct,-2.5703343923375295,-0.6910809027889148,1.0,1.0
PID,gradual_load_increase_10pct,-2.917927553538298,-0.5966666362166757,1.0,1.0
PID,gradual_load_increase_10pct,-3.277673984243205,-0.49850765949403786,1.0,1.0
PID,multisine_frequency_probe,0.9178071984334595,-0.6070270627642645,0.0,0.0
PID,multisine_frequency_probe,1.1204478077981883,-0.38606709682917245,0.2125169358747737,0.2125169358747737
PID,multisine_frequency_probe,1.6129158772125805,0.3933817069365581,1.0,1.0
PID,multisine_frequency_probe,1.6138110365987366,0.4135684693323763,1.0,1.0
PID,multisine_frequency_probe,1.5771767997104655,0.4353285550060387,1.0,1.0
PID,multisine_frequency_probe,1.5055074125543233,0.4588844298183906,1.0,1.0
PID,multisine_frequency_probe,1.4011783015527013,0.48467273086588675,1.0,1.0
PID,multisine_frequency_probe,1.2663029965357702,0.5132367283259485,1.0,1.0
PID,multisine_frequency_probe,1.1028798743803778,0.5451495856640859,1.0,1.0
PID,multisine_frequency_probe,0.9127693066874849,0.5809779768535714,1.0,1.0
PID,multisine_frequency_probe,0.6976537410885538,0.6212577975234665,1.0,1.0
PID,multisine_frequency_probe,0.4591564756756989,0.6664741373962909,1.0,1.0
PID,multisine_frequency_probe,0.19876172969687278,0.7170475812090557,1.0,1.0
PID,multisine_frequency_probe,-0.08215852425169785,0.7733435944076633,1.0,1.0
PID,multisine_frequency_probe,-0.3823115686256165,0.835668853406666,1.0,1.0
PID,multisine_frequency_probe,-0.6997551986694827,0.9043129121454694,1.0,1.0
PID,multisine_frequency_probe,-1.0340466806201047,0.979399810814119,1.0,1.0
PID,multisine_frequency_probe,-1.3833570394527845,1.0611169174419197,1.0,1.0
PID,multisine_frequency_probe,-1.7479794760469105,1.1494613863444887,1.0,1.0
PID,multisine_frequency_probe,-2.125291682827933,1.2445994380104335,1.0,1.0
PID,multisine_frequency_probe,-2.517240388684972,1.3463640992157468,1.0,1.0
PID,parameter_randomization_drills,0.9175787033266576,-0.6120238203555898,0.0,0.0
PID,parameter_randomization_drills,1.1025508650812634,-0.42280438693571765,0.1854483830668757,0.1854483830668757
PID,parameter_randomization_drills,1.608850539263769,0.3761246433957751,0.9990455787343328,0.9990455787343328
PID,parameter_randomization_drills,1.6101249033731482,0.3912812889611649,1.0,1.0
PID,parameter_randomization_drills,1.5741274379105228,0.40683773597454925,1.0,1.0
PID,parameter_randomization_drills,1.5038269254615424,0.423884818184639,1.0,1.0
PID,parameter_randomization_drills,1.401547214087551,0.44282299500630046,1.0,1.0
PID,parameter_randomization_drills,1.2694035458433204,0.46414070466984375,1.0,1.0
PID,parameter_randomization_drills,1.1093793755008978,0.4883845824198543,1.0,1.0
PID,parameter_randomization_drills,0.9233549403889709,0.516078868533496,1.0,1.0
PID,parameter_randomization_drills,0.713024262547596,0.5477311792804704,1.0,1.0
PID,parameter_randomization_drills,0.48002280084353427,0.5838034613804872,1.0,1.0
PID,parameter_randomization_drills,0.22584015029297383,0.6247024347532322,1.0,1.0
PID,parameter_randomization_drills,-0.04814304271005825,0.6707801110621515,1.0,1.0
PID,parameter_randomization_drills,-0.34062297295114313,0.7223300132007593,1.0,1.0
PID,parameter_randomization_drills,-0.6496503182952386,0.7796331072111591,1.0,1.0
PID,parameter_randomization_drills,-0.9747850422130616,0.842813743924051,1.0,1.0
PID,parameter_randomization_drills,-1.3142057280783432,0.9120640558850323,1.0,1.0
PID,parameter_randomization_drills,-1.6682009707628183,0.9873773530255135,1.0,1.0
PID,parameter_randomization_drills,-2.034166146935491,1.0689334772053363,1.0,1.0
PID,parameter_randomization_drills,-2.41403115678178,1.1565530064741045,1.0,1.0
PID,parameter_randomization_drills,-2.8026441249526863,1.2505446364643438,1.0,1.0
PID,prbs_excitation_probe,0.984249104862372,0.29392912342965494,0.0,0.0
PID,prbs_excitation_probe,1.6864712346669757,1.2937710859954306,1.0,1.0
PID,prbs_excitation_probe,1.625713944682426,-0.48853547626626237,1.0,1.0
PID,prbs_excitation_probe,1.4013202041372326,0.668210044964485,0.339217371868545,0.339217371868545
PID,prbs_excitation_probe,1.577543249761052,-0.47693469020607926,1.0,1.0
PID,prbs_excitation_probe,1.5295824805726455,-0.4869719333877588,1.0,1.0
PID,prbs_excitation_probe,1.0671880022892173,-1.0779242606880752,0.3966400329994444,0.3966400329994444
PID,prbs_excitation_probe,1.2101734066385796,-0.5934058721790108,0.8992075185482175,0.8992075185482175
PID,prbs_excitation_probe,1.1027032699212707,-0.4902300225700239,1.0,1.0
PID,prbs_excitation_probe,0.9169185520189759,-0.47807866460898396,1.0,1.0
PID,prbs_excitation_probe,0.8443649174562321,1.3518797502156081,1.0,1.0
PID,prbs_excitation_probe,0.431364863914235,-0.3943872895611028,1.0,1.0
PID,prbs_excitation_probe,0.3199781396730209,1.4475222042255007,1.0,1.0
PID,prbs_excitation_probe,-0.13038372085382155,-0.286736774524048,1.0,1.0
PID,prbs_excitation_probe,-0.4111121170443392,-0.2443819254171721,1.0,1.0
PID,prbs_excitation_probe,-0.5741274896371401,1.6159496542509442,1.0,1.0
PID,prbs_excitation_probe,-0.9398684799830029,1.7120267977805184,1.0,1.0
PID,prbs_excitation_probe,-1.3195861809058174,1.8144199530121987,1.0,1.0
PID,prbs_excitation_probe,-1.713719713826066,1.9230732078894583,1.0,1.0
PID,prbs_excitation_probe,-2.2533987109540394,0.22642905065789026,1.0,1.0
PID,prbs_excitation_probe,-2.4863888384035433,2.1182232387730067,1.0,1.0
PID,prbs_excitation_probe,-3.0489765150034764,0.43433644739869276,1.0,1.0
PID,steady_state_efficiency_probe,0.9174430004977343,-0.6119192564395647,0.0,0.0
PID,steady_state_efficiency_probe,1.1106289115319388,-0.4093649799440566,0.1986946961430811,0.1986946961430811
PID,steady_state_efficiency_probe,1.609916341919818,0.3784083915770346,1.0,1.0
PID,steady_state_efficiency_probe,1.6100995881764704,0.3935317639513176,1.0,1.0
PID,steady_state_efficiency_probe,1.5730659528672148,0.41016893564256435,1.0,1.0
PID,steady_state_efficiency_probe,1.5012611395318773,0.4285268328757996,1.0,1.0
PID,steady_state_efficiency_probe,1.3970244596519286,0.44903317187401404,1.0,1.0
PID,steady_state_efficiency_probe,1.2624568721911826,0.4722151185116657,1.0,1.0
PID,steady_state_efficiency_probe,1.0995356763432151,0.49864385959775714,1.0,1.0
PID,steady_state_efficiency_probe,0.9101117719600158,0.5288804792576283,1.0,1.0
PID,steady_state_efficiency_probe,0.6958567209567706,0.5634601694592596,1.0,1.0
PID,steady_state_efficiency_probe,0.4583916414494095,0.6028633398883938,1.0,1.0
PID,steady_state_efficiency_probe,0.19918947583605548,0.6475148841405592,1.0,1.0
PID,steady_state_efficiency_probe,-0.08037615922495205,0.6977760629608473,1.0,1.0
PID,steady_state_efficiency_probe,-0.3790266850323501,0.7539625644096954,1.0,1.0
PID,steady_state_efficiency_probe,-0.6948105955292652,0.816355627809244,1.0,1.0
PID,steady_state_efficiency_probe,-1.0272920884167878,0.8850841385152396,1.0,1.0
PID,steady_state_efficiency_probe,-1.3746487327888812,0.9603403559928461,1.0,1.0
PID,steady_state_efficiency_probe,-1.7371685470335507,1.0421176623104307,1.0,1.0
PID,steady_state_efficiency_probe,-2.112235190293138,1.1305872368421523,1.0,1.0
PID,steady_state_efficiency_probe,-2.5017954171764036,1.2255827416952907,1.0,1.0
PID,steady_state_efficiency_probe,-2.9006576607669197,1.3273823886552778,1.0,1.0
PID,sudden_load_increase_5pct,0.9174430004977343,-0.6119192564395647,0.0,0.0
PID,sudden_load_increase_5pct,1.1106289115319388,-0.4093649799440566,0.1986946961430811,0.1986946961430811
PID,sudden_load_increase_5pct,1.609916341919818,0.3784083915770346,1.0,1.0
PID,sudden_load_increase_5pct,1.6100995881764704,0.3935317639513176,1.0,1.0
PID,sudden_load_increase_5pct,1.5730659528672148,0.41016893564256435,1.0,1.0
PID,sudden_load_increase_5pct,1.5012611395318773,0.4285268328757996,1.0,1.0
PID,sudden_load_increase_5pct,1.3970244596519286,0.44903317187401404,1.0,1.0
PID,sudden_load_increase_5pct,1.2624568721911826,0.4722151185116657,1.0,1.0
PID,sudden_load_increase_5pct,1.0995356763432151,0.49864385959775714,1.0,1.0
PID,sudden_load_increase_5pct,0.9101117719600158,0.5288804792576283,1.0,1.0
PID,sudden_load_increase_5pct,0.6958567209567706,0.5634601694592596,1.0,1.0
PID,sudden_load_increase_5pct,0.4583916414494095,0.6028633398883938,1.0,1.0
PID,sudden_load_increase_5pct,0.19918947583605548,0.6475148841405592,1.0,1.0
PID,sudden_load_increase_5pct,-0.08037615922495205,0.6977760629608473,1.0,1.0
PID,sudden_load_increase_5pct,-0.3790266850323501,0.7539625644096954,1.0,1.0
PID,sudden_load_increase_5pct,-0.6948105955292652,0.816355627809244,1.0,1.0
PID,sudden_load_increase_5pct,-1.0272920884167878,0.8850841385152396,1.0,1.0
PID,sudden_load_increase_5pct,-1.3746487327888812,0.9603403559928461,1.0,1.0
PID,sudden_load_increase_5pct,-1.7371685470335507,1.0421176623104307,1.0,1.0
PID,sudden_load_increase_5pct,-2.112235190293138,1.1305872368421523,1.0,1.0
PID,sudden_load_increase_5pct,-2.5017954171764036,1.2255827416952907,1.0,1.0
PID,sudden_load_increase_5pct,-2.9006576607669197,1.3273823886552778,1.0,1.0
RL,actuator_saturation_challenge,1.0547925069079491,0.39561495218056253,0.1048932075500488,0.1048932075500488
RL,actuator_saturation_challenge,1.6581543262528473,1.2248841596287783,0.9292230606079102,0.9292230606079102
RL,actuator_saturation_challenge,1.720779241323412,1.2452507962675503,0.9210265874862672,0.9210265874862672
RL,actuator_saturation_challenge,1.7316034273751404,1.2742648864405304,0.9244959950447084,0.9244959950447084
RL,actuator_saturation_challenge,1.691586903660766,1.300791029624465,0.9261112809181212,0.9261112809181212
RL,actuator_saturation_challenge,1.6146014743919073,1.3384296620268006,0.9383105039596558,0.9383105039596558
RL,actuator_saturation_challenge,1.5034827469729655,1.3837157047717998,0.9561750888824464,0.9561750888824464
RL,actuator_saturation_challenge,1.3519799448878276,1.4207947376443089,0.9622914791107178,0.9622914791107178
RL,actuator_saturation_challenge,1.1650438515877737,1.4542917938367688,0.9606050252914428,0.9606050252914428
RL,actuator_saturation_challenge,0.953830678763398,1.499150608514817,0.965827703475952,0.965827703475952
RL,actuator_saturation_challenge,0.7168281155900642,1.5494736257845687,0.9712374806404114,0.9712374806404114
RL,actuator_saturation_challenge,0.4548563154137224,1.603712948429171,0.9747415781021118,0.9747415781021118
RL,actuator_saturation_challenge,0.17074340440800592,1.664063795071215,0.9782084226608276,0.9782084226608276
RL,actuator_saturation_challenge,-0.13692677621871205,1.726128832135955,0.9767717123031616,0.9767717123031616
RL,actuator_saturation_challenge,-0.4663506761557492,1.7912448699002197,0.9715672731399536,0.9715672731399536
RL,actuator_saturation_challenge,-0.8171233345101988,1.8576333299012113,0.9605034589767456,0.9605034589767456
RL,actuator_saturation_challenge,-1.2621428923122937,1.8097047670057211,0.8239986896514893,0.8239986896514893
RL,actuator_saturation_challenge,-2.130436557302214,1.1345558198496635,0.0315203070640563,0.0315203070640563
RL,actuator_saturation_challenge,-2.280508930257103,1.7213120824752892,0.5345645546913147,0.5345645546913147
RL,baseline_steady_state,0.9879864025433114,-0.5102334276886571,0.1048932075500488,0.1048932075500488
RL,baseline_steady_state,1.212424464688157,-0.2896129114239575,0.3225287497043609,0.3225287497043609
RL,baseline_steady_state,1.3199787330376507,-0.11808670352419291,0.4896133244037628,0.4896133244037628
RL,baseline_steady_state,1.546487034482447,0.3245073617795582,0.9326927065849304,0.9326927065849304
RL,baseline_steady_state,1.4952944798474326,0.3604569186747848,0.9509491920471193,0.9509491920471193
RL,baseline_steady_state,1.4037338210838655,0.3866975592644256,0.9554359912872314,0.9554359912872314
RL,baseline_steady_state,1.2838779228769885,0.419732561244234,0.963195502758026,0.963195502758026
RL,baseline_steady_state,1.1322004921112414,0.4509045177030004,0.9650830030441284,0.9650830030441284
RL,baseline_steady_state,0.9531014889645566,0.4851771948865542,0.9659353494644164,0.9659353494644164
RL,baseline_steady_state,0.7478400948951766,0.5224622931074773,0.965307593345642,0.965307593345642
RL,baseline_steady_state,0.5214436729816508,0.5688239957989091,0.9690970182418824,0.9690970182418824
RL,baseline_steady_state,0.2722595265022519,0.6192065922298516,0.9717265367507936,0.9717265367507936
RL,baseline_steady_state,0.002432557055734589,0.6751514612649352,0.9744802713394164,0.9744802713394164
RL,baseline_steady_state,-0.28599223242167315,0.7380953116020054,0.978562593460083,0.978562593460083
RL,baseline_steady_state,-0.5979949563892895,0.7982467473242567,0.9736425876617432,0.9736425876617432
RL,baseline_steady_state,-0.9305718218022777,0.8585266589472647,0.9625121355056764,0.9625121355056764
RL,baseline_steady_state,-1.2834479006449966,0.9197539408508187,0.945902705192566,0.945902705192566
RL,baseline_steady_state,-1.7018384637514403,0.9083589294609266,0.8475407361984253,0.8475407361984253
RL,baseline_steady_state,-2.5767462452546748,0.21007987407619974,0.0322895050048828,0.0322895050048828
RL,baseline_steady_state,-2.9509333571938314,0.42180495647554256,0.1495588421821594,0.1495588421821594
RL,cascading_grid_fault_and_recovery,0.9879864025433114,-0.5102334276886571,0.1048932075500488,0.1048932075500488
RL,cascading_grid_fault_and_recovery,1.212424464688157,-0.2896129114239575,0.3225287497043609,0.3225287497043609
RL,cascading_grid_fault_and_recovery,1.3199787330376507,-0.11808670352419291,0.4896133244037628,0.4896133244037628
RL,cascading_grid_fault_and_recovery,1.546487034482447,0.3245073617795582,0.9326927065849304,0.9326927065849304
RL,cascading_grid_fault_and_recovery,1.4952944798474326,0.3604569186747848,0.9509491920471193,0.9509491920471193
RL,cascading_grid_fault_and_recovery,1.4037338210838655,0.3866975592644256,0.9554359912872314,0.9554359912872314
RL,cascading_grid_fault_and_recovery,1.2838779228769885,0.419732561244234,0.963195502758026,0.963195502758026
RL,cascading_grid_fault_and_recovery,1.1322004921112414,0.4509045177030004,0.9650830030441284,0.9650830030441284
RL,cascading_grid_fault_and_recovery,0.9531014889645566,0.4851771948865542,0.9659353494644164,0.9659353494644164
RL,cascading_grid_fault_and_recovery,0.7478400948951766,0.5224622931074773,0.965307593345642,0.965307593345642
RL,cascading_grid_fault_and_recovery,0.5214436729816508,0.5688239957989091,0.9690970182418824,0.9690970182418824
RL,cascading_grid_fault_and_recovery,0.2722595265022519,0.6192065922298516,0.9717265367507936,0.9717265367507936
RL,cascading_grid_fault_and_recovery,0.002432557055734589,0.6751514612649352,0.9744802713394164,0.9744802713394164
RL,cascading_grid_fault_and_recovery,-0.28599223242167315,0.7380953116020054,0.978562593460083,0.978562593460083
RL,cascading_grid_fault_and_recovery,-0.5979949563892895,0.7982467473242567,0.9736425876617432,0.9736425876617432
RL,cascading_grid_fault_and_recovery,-0.9305718218022777,0.8585266589472647,0.9625121355056764,0.9625121355056764
RL,cascading_grid_fault_and_recovery,-1.2834479006449966,0.9197539408508187,0.945902705192566,0.945902705192566
RL,cascading_grid_fault_and_recovery,-1.7018384637514403,0.9083589294609266,0.8475407361984253,0.8475407361984253
RL,cascading_grid_fault_and_recovery,-2.5767462452546748,0.21007987407619974,0.0322895050048828,0.0322895050048828
RL,cascading_grid_fault_and_recovery,-2.9509333571938314,0.42180495647554256,0.1495588421821594,0.1495588421821594
RL,combined_challenge_final_exam,0.9879864025433114,-0.5102334276886571,0.1048932075500488,0.1048932075500488
RL,combined_challenge_final_exam,1.212424464688157,-0.2896129114239575,0.3225287497043609,0.3225287497043609
RL,combined_challenge_final_exam,1.3199787330376507,-0.11808670352419291,0.4896133244037628,0.4896133244037628
RL,combined_challenge_final_exam,1.546487034482447,0.3245073617795582,0.9326927065849304,0.9326927065849304
RL,combined_challenge_final_exam,1.4952944798474326,0.3604569186747848,0.9509491920471193,0.9509491920471193
RL,combined_challenge_final_exam,1.4037338210838655,0.3866975592644256,0.9554359912872314,0.9554359912872314
RL,combined_challenge_final_exam,1.2838779228769885,0.419732561244234,0.963195502758026,0.963195502758026
RL,combined_challenge_final_exam,1.1322004921112414,0.4509045177030004,0.9650830030441284,0.9650830030441284
RL,combined_challenge_final_exam,0.9531014889645566,0.4851771948865542,0.9659353494644164,0.9659353494644164
RL,combined_challenge_final_exam,0.7478400948951766,0.5224622931074773,0.965307593345642,0.965307593345642
RL,combined_challenge_final_exam,0.5214436729816508,0.5688239957989091,0.9690970182418824,0.9690970182418824
RL,combined_challenge_final_exam,0.2722595265022519,0.6192065922298516,0.9717265367507936,0.9717265367507936
RL,combined_challenge_final_exam,0.002432557055734589,0.6751514612649352,0.9744802713394164,0.9744802713394164
RL,combined_challenge_final_exam,-0.28599223242167315,0.7380953116020054,0.978562593460083,0.978562593460083
RL,combined_challenge_final_exam,-0.5979949563892895,0.7982467473242567,0.9736425876617432,0.9736425876617432
RL,combined_challenge_final_exam,-0.9305718218022777,0.8585266589472647,0.9625121355056764,0.9625121355056764
RL,combined_challenge_final_exam,-1.2834479006449966,0.9197539408508187,0.945902705192566,0.945902705192566
RL,combined_challenge_final_exam,-1.7018384637514403,0.9083589294609266,0.8475407361984253,0.8475407361984253
RL,combined_challenge_final_exam,-2.5767462452546748,0.21007987407619974,0.0322895050048828,0.0322895050048828
RL,combined_challenge_final_exam,-2.9509333571938314,0.42180495647554256,0.1495588421821594,0.1495588421821594
RL,deceptive_sensor_noise,0.8543741938140361,-2.3219301874270935,0.1048932075500488,0.1048932075500488
RL,deceptive_sensor_noise,0.9618559895437702,-2.38945616538353,0.0677145719528198,0.0677145719528198
RL,deceptive_sensor_noise,1.0490665195141242,-2.3063931916210505,0.1850821375846862,0.1850821375846862
RL,deceptive_sensor_noise,1.2433047536026594,-1.940640761488834,0.5872548818588257,0.5872548818588257
RL,deceptive_sensor_noise,1.3594531139108386,-1.655752697890308,0.896587610244751,0.896587610244751
RL,deceptive_sensor_noise,1.2580665994466886,-1.6851164711276752,0.8733165860176086,0.8733165860176086
RL,deceptive_sensor_noise,0.9662771785892926,-1.9557743743926146,0.5943571925163269,0.5943571925163269
RL,deceptive_sensor_noise,0.9426583820594083,-1.7244348589917695,0.8272536993026733,0.8272536993026733
RL,deceptive_sensor_noise,0.8031467837427231,-1.647580511367288,0.8929300308227539,0.8929300308227539
RL,deceptive_sensor_noise,0.6223968696375041,-1.6021471878708786,0.9192819595336914,0.9192819595336914
RL,deceptive_sensor_noise,0.4194816533481832,-1.5579112061341829,0.9380042552947998,0.9380042552947998
RL,deceptive_sensor_noise,0.18884889349279585,-1.524945681155313,0.9390175938606262,0.9390175938606262
RL,deceptive_sensor_noise,-0.059435911649289686,-1.4870189805675313,0.9392857551574708,0.9392857551574708
RL,deceptive_sensor_noise,-0.3177171151047058,-1.4329686687713,0.9504272937774658,0.9504272937774658
RL,deceptive_sensor_noise,-0.5955589430884712,-1.380137830157494,0.9545325636863708,0.9545325636863708
RL,deceptive_sensor_noise,-0.8885676762654271,-1.3234338874960163,0.956858456134796,0.956858456134796
RL,deceptive_sensor_noise,-1.198663943294945,-1.2659089599184155,0.9543036222457886,0.9543036222457886
RL,deceptive_sensor_noise,-1.5243734233015895,-1.2070239720217026,0.947372317314148,0.947372317314148
RL,deceptive_sensor_noise,-1.8508185841706797,-1.121706845891166,0.9620422124862672,0.9620422124862672
RL,deceptive_sensor_noise,-2.1934389239817693,-1.040026074551705,0.9670902490615844,0.9670902490615844
RL,deceptive_sensor_noise,-2.5585954048415425,-0.9687294263545093,0.955777645111084,0.955777645111084
RL,deceptive_sensor_noise,-3.043151359023224,-1.069251536325053,0.7609329223632812,0.7609329223632812
RL,deceptive_sensor_noise,-3.364919381318917,-0.8619398292658904,0.878788948059082,0.878788948059082
RL,deceptive_sensor_noise,-3.8402556452877117,-0.8964998316337522,0.739661693572998,0.739661693572998
RL,deceptive_sensor_noise,-4.455848669712597,-1.0996808713931068,0.4209628701210022,0.4209628701210022
RL,gradual_load_increase_10pct,0.8543741938140361,-2.3219301874270935,0.1048932075500488,0.1048932075500488
RL,gradual_load_increase_10pct,0.9618559895437702,-2.38945616538353,0.0677145719528198,0.0677145719528198
RL,gradual_load_increase_10pct,1.0490665195141242,-2.3063931916210505,0.1850821375846862,0.1850821375846862
RL,gradual_load_increase_10pct,1.2433047536026594,-1.940640761488834,0.5872548818588257,0.5872548818588257
RL,gradual_load_increase_10pct,1.3594531139108386,-1.655752697890308,0.896587610244751,0.896587610244751
RL,gradual_load_increase_10pct,1.2580665994466886,-1.6851164711276752,0.8733165860176086,0.8733165860176086
RL,gradual_load_increase_10pct,0.9662771785892926,-1.9557743743926146,0.5943571925163269,0.5943571925163269
RL,gradual_load_increase_10pct,0.9426583820594083,-1.7244348589917695,0.8272536993026733,0.8272536993026733
RL,gradual_load_increase_10pct,0.8031467837427231,-1.647580511367288,0.8929300308227539,0.8929300308227539
RL,gradual_load_increase_10pct,0.6223968696375041,-1.6021471878708786,0.9192819595336914,0.9192819595336914
RL,gradual_load_increase_10pct,0.4194816533481832,-1.5579112061341829,0.9380042552947998,0.9380042552947998
RL,gradual_load_increase_10pct,0.18884889349279585,-1.524945681155313,0.9390175938606262,0.9390175938606262
RL,gradual_load_increase_10pct,-0.059435911649289686,-1.4870189805675313,0.9392857551574708,0.9392857551574708
RL,gradual_load_increase_10pct,-0.3177171151047058,-1.4329686687713,0.9504272937774658,0.9504272937774658
RL,gradual_load_increase_10pct,-0.5955589430884712,-1.380137830157494,0.9545325636863708,0.9545325636863708
RL,gradual_load_increase_10pct,-0.8885676762654271,-1.3234338874960163,0.956858456134796,0.956858456134796
RL,gradual_load_increase_10pct,-1.198663943294945,-1.2659089599184155,0.9543036222457886,0.9543036222457886
RL,gradual_load_increase_10pct,-1.5243734233015895,-1.2070239720217026,0.947372317314148,0.947372317314148
RL,gradual_load_increase_10pct,-1.8508185841706797,-1.121706845891166,0.9620422124862672,0.9620422124862672
RL,gradual_load_increase_10pct,-2.1934389239817693,-1.040026074551705,0.9670902490615844,0.9670902490615844
RL,gradual_load_increase_10pct,-2.5585954048415425,-0.9687294263545093,0.955777645111084,0.955777645111084
RL,gradual_load_increase_10pct,-3.043151359023224,-1.069251536325053,0.7609329223632812,0.7609329223632812
RL,gradual_load_increase_10pct,-3.364919381318917,-0.8619398292658904,0.878788948059082,0.878788948059082
RL,gradual_load_increase_10pct,-3.8402556452877117,-0.8964998316337522,0.739661693572998,0.739661693572998
RL,gradual_load_increase_10pct,-4.455848669712597,-1.0996808713931068,0.4209628701210022,0.4209628701210022
RL,multisine_frequency_probe,0.9883449461944982,-0.5053368771835227,0.1048932075500488,0.1048932075500488
RL,multisine_frequency_probe,1.2155369673762613,-0.27604934426458555,0.3263125419616699,0.3263125419616699
RL,multisine_frequency_probe,1.324335570260926,-0.09857515668667773,0.4942638576030731,0.4942638576030731
RL,multisine_frequency_probe,1.5525592623635573,0.350519581909077,0.9387187957763672,0.9387187957763672
RL,multisine_frequency_probe,1.499687505241578,0.3876527332435662,0.952817678451538,0.952817678451538
RL,multisine_frequency_probe,1.4080500783733327,0.41827016835447406,0.9564106464385986,0.9564106464385986
RL,multisine_frequency_probe,1.2881733041451926,0.45627596812970167,0.9638293385505676,0.9638293385505676
RL,multisine_frequency_probe,1.1366310310290015,0.4931331105555164,0.9660333395004272,0.9660333395004272
RL,multisine_frequency_probe,0.9575734302202576,0.5332978205084826,0.9673335552215576,0.9673335552215576
RL,multisine_frequency_probe,0.7521925448090356,0.5765498146719888,0.9671363234519958,0.9671363234519958
RL,multisine_frequency_probe,0.5252370375976706,0.6284602526893055,0.9708389043807985,0.9708389043807985
RL,multisine_frequency_probe,0.27534634308398526,0.6845088861121732,0.9734055995941162,0.9734055995941162
RL,multisine_frequency_probe,0.004435989344415952,0.745870548074151,0.9757436513900756,0.9757436513900756
RL,multisine_frequency_probe,-0.2854143037185098,0.8140538447954084,0.9791393280029296,0.9791393280029296
RL,multisine_frequency_probe,-0.5988499392362429,0.8798826188529931,0.973880648612976,0.973880648612976
RL,multisine_frequency_probe,-0.9330196205487745,0.9460224268860596,0.9624904990196228,0.9624904990196228
RL,multisine_frequency_probe,-1.2861296268136315,1.0156588696845599,0.9481565952301024,0.9481565952301024
RL,multisine_frequency_probe,-1.6608147814554144,1.0826911787978521,0.9243447184562684,0.9243447184562684
RL,multisine_frequency_probe,-2.452684565130203,0.5183457958064741,0.2409997284412384,0.2409997284412384
RL,multisine_frequency_probe,-2.7763170781066537,0.796632380354895,0.4209012985229492,0.4209012985229492
RL,parameter_randomization_drills,0.9878224282916981,-0.5101070796234618,0.1048932075500488,0.1048932075500488
RL,parameter_randomization_drills,1.2111109751975242,-0.28866837622270186,0.3224832415580749,0.3224832415580749
RL,parameter_randomization_drills,1.3160655052648143,-0.11501214225798269,0.4896574020385742,0.4896574020385742
RL,parameter_randomization_drills,1.537270616095412,0.328638325524004,0.9306742548942566,0.9306742548942566
RL,parameter_randomization_drills,1.4824529524165975,0.37126008500397784,0.9517160058021544,0.9517160058021544
RL,parameter_randomization_drills,1.3836428162682093,0.4009169732644693,0.9547066688537598,0.9547066688537598
RL,parameter_randomization_drills,1.2572875728150952,0.4413067423972495,0.9641295075416564,0.9641295075416564
RL,parameter_randomization_drills,1.0974068904388288,0.47964016848718893,0.9665591716766356,0.9665591716766356
RL,parameter_randomization_drills,0.908135973438822,0.5206170260294424,0.9665461778640748,0.9665461778640748
RL,parameter_randomization_drills,0.6923900022580456,0.5670302062353457,0.9665833711624146,0.9665833711624146
RL,parameter_randomization_drills,0.45310957658975565,0.6216139917209502,0.9691040515899658,0.9691040515899658
RL,parameter_randomization_drills,0.1912302711320626,0.6836949500804439,0.9730219841003418,0.9730219841003418
RL,parameter_randomization_drills,-0.09282310751376066,0.7519446891260974,0.9766259789466858,0.9766259789466858
RL,parameter_randomization_drills,-0.39812208506656116,0.8260299368903619,0.9792982339859008,0.9792982339859008
RL,parameter_randomization_drills,-0.7267157192235899,0.9011320866516109,0.9758107662200928,0.9758107662200928
RL,parameter_randomization_drills,-1.0779076964117136,0.9762701570950147,0.9649226665496826,0.9649226665496826
RL,parameter_randomization_drills,-1.4596391613530788,1.039367531385596,0.9340161085128784,0.9340161085128784
RL,parameter_randomization_drills,-1.9068574903340525,1.0348538591900924,0.8253467082977295,0.8253467082977295
RL,parameter_randomization_drills,-2.5214797879351485,0.8100510759412921,0.4806513786315918,0.4806513786315918
RL,prbs_excitation_probe,1.0547925069079491,0.39561495218056253,0.1048932075500488,0.1048932075500488
RL,prbs_excitation_probe,1.6581543262528473,1.2248841596287783,0.9292230606079102,0.9292230606079102
RL,prbs_excitation_probe,1.587167032594147,-0.566445963470897,0.9210265874862672,0.9210265874862672
RL,prbs_excitation_probe,1.2130238053195495,0.3823786039958103,0.0463352501392364,0.0463352501392364
RL,prbs_excitation_probe,1.5210474349487237,-0.5004924413073037,0.9772461652755736,0.9772461652755736
RL,prbs_excitation_probe,0.8754405458406479,-1.383110421818921,0.073033720254898,0.073033720254898
RL,prbs_excitation_probe,0.8524866713853426,-1.1128838028403358,0.3526968359947204,0.3526968359947204
RL,prbs_excitation_probe,0.9899957113656391,-0.5396283193018445,0.9337823390960692,0.9337823390960692
RL,prbs_excitation_probe,0.7989672731373482,-0.4896011486555011,0.963235080242157,0.963235080242157
RL,prbs_excitation_probe,0.5813498871129601,-0.4519723706330868,0.9712405204772948,0.9712405204772948
RL,prbs_excitation_probe,0.4791117332084179,1.3997362667219617,0.9741455912590028,0.9741455912590028
RL,prbs_excitation_probe,0.04265164593589362,-0.3208738968415925,0.9804334044456482,0.9804334044456482
RL,prbs_excitation_probe,-0.09443820243604892,1.537599271826808,0.9771090745925904,0.9771090745925904
RL,prbs_excitation_probe,-0.5646358885229099,-0.17490054618362133,0.9792749881744384,0.9792749881744384
RL,prbs_excitation_probe,-0.8631059772515225,-0.11143202133115591,0.9811058044433594,0.9811058044433594
RL,prbs_excitation_probe,-1.0444241376194092,1.7655662204260645,0.9788427352905272,0.9788427352905272
RL,prbs_excitation_probe,-1.431775238791868,1.87019821563876,0.9688133001327516,0.9688133001327516
RL,prbs_excitation_probe,-1.8344496196361595,1.9773790712151655,0.9555597305297852,0.9555597305297852
RL,prbs_excitation_probe,-2.32352754079267,1.9753512354093419,0.8235963582992554,0.8235963582992554
RL,steady_state_efficiency_probe,0.9879864025433114,-0.5102334276886571,0.1048932075500488,0.1048932075500488
RL,steady_state_efficiency_probe,1.212424464688157,-0.2896129114239575,0.3225287497043609,0.3225287497043609
RL,steady_state_efficiency_probe,1.3199787330376507,-0.11808670352419291,0.4896133244037628,0.4896133244037628
RL,steady_state_efficiency_probe,1.546487034482447,0.3245073617795582,0.9326927065849304,0.9326927065849304
RL,steady_state_efficiency_probe,1.4952944798474326,0.3604569186747848,0.9509491920471193,0.9509491920471193
RL,steady_state_efficiency_probe,1.4037338210838655,0.3866975592644256,0.9554359912872314,0.9554359912872314
RL,steady_state_efficiency_probe,1.2838779228769885,0.419732561244234,0.963195502758026,0.963195502758026
RL,steady_state_efficiency_probe,1.1322004921112414,0.4509045177030004,0.9650830030441284,0.9650830030441284
RL,steady_state_efficiency_probe,0.9531014889645566,0.4851771948865542,0.9659353494644164,0.9659353494644164
RL,steady_state_efficiency_probe,0.7478400948951766,0.5224622931074773,0.965307593345642,0.965307593345642
RL,steady_state_efficiency_probe,0.5214436729816508,0.5688239957989091,0.9690970182418824,0.9690970182418824
RL,steady_state_efficiency_probe,0.2722595265022519,0.6192065922298516,0.9717265367507936,0.9717265367507936
RL,steady_state_efficiency_probe,0.002432557055734589,0.6751514612649352,0.9744802713394164,0.9744802713394164
RL,steady_state_efficiency_probe,-0.28599223242167315,0.7380953116020054,0.978562593460083,0.978562593460083
RL,steady_state_efficiency_probe,-0.5979949563892895,0.7982467473242567,0.9736425876617432,0.9736425876617432
RL,steady_state_efficiency_probe,-0.9305718218022777,0.8585266589472647,0.9625121355056764,0.9625121355056764
RL,steady_state_efficiency_probe,-1.2834479006449966,0.9197539408508187,0.945902705192566,0.945902705192566
RL,steady_state_efficiency_probe,-1.7018384637514403,0.9083589294609266,0.8475407361984253,0.8475407361984253
RL,steady_state_efficiency_probe,-2.5767462452546748,0.21007987407619974,0.0322895050048828,0.0322895050048828
RL,steady_state_efficiency_probe,-2.9509333571938314,0.42180495647554256,0.1495588421821594,0.1495588421821594
RL,sudden_load_increase_5pct,0.9879864025433114,-0.5102334276886571,0.1048932075500488,0.1048932075500488
RL,sudden_load_increase_5pct,1.212424464688157,-0.2896129114239575,0.3225287497043609,0.3225287497043609
RL,sudden_load_increase_5pct,1.3199787330376507,-0.11808670352419291,0.4896133244037628,0.4896133244037628
RL,sudden_load_increase_5pct,1.546487034482447,0.3245073617795582,0.9326927065849304,0.9326927065849304
RL,sudden_load_increase_5pct,1.4952944798474326,0.3604569186747848,0.9509491920471193,0.9509491920471193
RL,sudden_load_increase_5pct,1.4037338210838655,0.3866975592644256,0.9554359912872314,0.9554359912872314
RL,sudden_load_increase_5pct,1.2838779228769885,0.419732561244234,0.963195502758026,0.963195502758026
RL,sudden_load_increase_5pct,1.1322004921112414,0.4509045177030004,0.9650830030441284,0.9650830030441284
RL,sudden_load_increase_5pct,0.9531014889645566,0.4851771948865542,0.9659353494644164,0.9659353494644164
RL,sudden_load_increase_5pct,0.7478400948951766,0.5224622931074773,0.965307593345642,0.965307593345642
RL,sudden_load_increase_5pct,0.5214436729816508,0.5688239957989091,0.9690970182418824,0.9690970182418824
RL,sudden_load_increase_5pct,0.2722595265022519,0.6192065922298516,0.9717265367507936,0.9717265367507936
RL,sudden_load_increase_5pct,0.002432557055734589,0.6751514612649352,0.9744802713394164,0.9744802713394164
RL,sudden_load_increase_5pct,-0.28599223242167315,0.7380953116020054,0.978562593460083,0.978562593460083
RL,sudden_load_increase_5pct,-0.5979949563892895,0.7982467473242567,0.9736425876617432,0.9736425876617432
RL,sudden_load_increase_5pct,-0.9305718218022777,0.8585266589472647,0.9625121355056764,0.9625121355056764
RL,sudden_load_increase_5pct,-1.2834479006449966,0.9197539408508187,0.945902705192566,0.945902705192566
RL,sudden_load_increase_5pct,-1.7018384637514403,0.9083589294609266,0.8475407361984253,0.8475407361984253
RL,sudden_load_increase_5pct,-2.5767462452546748,0.21007987407619974,0.0322895050048828,0.0322895050048828
RL,sudden_load_increase_5pct,-2.9509333571938314,0.42180495647554256,0.1495588421821594,0.1495588421821594
